{
    "train": {
        "roc_auc": 0.8145977883646462,
        "accuracy": 0.46923775704021803,
        "f1_macro": 0.47273404173360073,
        "f1_weighted": 0.4611812337290205
    },
    "validation": {
        "roc_auc": 0.7781080212869059,
        "accuracy": 0.4388109000825764,
        "f1_macro": 0.4459895859051027,
        "f1_weighted": 0.4317613475025664
    }
}