{
    "train": {
        "roc_auc": 0.9995546857766774,
        "accuracy": 0.998472210752333,
        "f1_macro": 0.9981347693028952,
        "f1_weighted": 0.9984721122678226
    },
    "validation": {
        "roc_auc": 0.7683466864178374,
        "accuracy": 0.3890999174236168,
        "f1_macro": 0.3638507599695035,
        "f1_weighted": 0.3308400394738748
    }
}