Emotion,Precision,Recall,F1-Score,Support
angry,1.0,0.0020876826722338203,0.004166666666666667,958
disgust,0.0,0.0,0.0,111
fear,1.0,0.0009765625,0.001951219512195122,1024
happy,0.2559687454782231,0.9971815107102593,0.40736902705814626,1774
sad,0.3191489361702128,0.012028869286287089,0.0231839258114374,1247
surprise,1.0,0.0024067388688327317,0.0048019207683073235,831
neutral,0.3696682464454976,0.06326034063260341,0.10803324099722993,1233
