Emotion,Precision,Recall,F1-Score,Support
angry,0.2840909090909091,0.3653444676409186,0.31963470319634707,958
disgust,0.15789473684210525,0.21621621621621623,0.18250950570342206,111
fear,0.2867494824016563,0.2705078125,0.27839195979899495,1024
happy,0.6220755848830234,0.584554678692221,0.6027317640220866,1774
sad,0.28450704225352114,0.2429831595829992,0.2621107266435986,1247
surprise,0.48041237113402063,0.5607701564380265,0.5174902831760133,831
neutral,0.3907637655417407,0.35685320356853206,0.3730394234845274,1233
